,HAC,MR,SP,WC,HAC-Res,MR-Res,SP-Res,WC-Res,HAC,MR,SP,WC,,,,
0,,,,,0,0,0,0,1,1,1,1,,,Accuracy by method-only by solving correctly,
1,,,,,0,0,0,0,1,0,0,0,,,HAC,0.674271229
2,,,,,0,0,0,0,0,0,0,0,,,MR,0.610169492
3,,,,,0,0,0,0,0,1,1,0,,,SP,0.591154261
4,,,,,0,0,0,0,0,0,0,0,,,WC,0.599775785
5,,,,,0,0,0,0,0,0,0,0,,,,
6,,1,1,1,0,1,1,1,0,1,1,1,,,,
7,,,,,0,0,0,0,0,0,0,0,,,,
8,,1,1,1,0,1,1,1,1,1,1,1,,,,
9,,,,,0,0,0,0,0,1,1,1,,,Accuracy by method - when saying it will not solve is correct,
10,,,,,0,0,0,0,0,1,1,1,,,HAC,0.631537861
11,,1,1,1,0,1,1,1,1,1,1,1,,,MR,0.62763466
12,,,,,0,0,0,0,0,0,0,0,,,SP,0.607338017
13,,1,1,,0,0,0,0,0,0,0,0,,,WC,0.615925059
14,,,,,0,0,0,0,0,1,1,1,,,,
15,,,,,0,0,0,0,0,0,0,0,,,,
16,,,,,0,0,0,0,0,1,1,1,,,,
17,,,,,0,0,0,0,0,1,1,1,,,,
18,,1,1,,0,0,0,0,0,0,0,0,,,,
19,,1,1,1,0,1,1,0,0,1,1,0,,,,
20,,1,1,1,0,1,1,1,1,1,1,1,,,,
21,1,1,1,1,1,1,1,1,1,1,1,1,,,,
22,,,,,0,0,0,0,1,1,0,1,,,,
23,1,1,1,1,0,0,0,0,0,0,0,0,,,,
24,1,1,1,1,1,1,1,1,1,1,1,1,,,,
25,1,1,1,1,1,1,1,1,1,1,1,1,,,,
26,1,1,1,1,1,1,1,1,1,1,1,1,,,,
27,1,1,1,1,1,1,1,1,1,1,1,1,,,,
28,,1,1,1,0,0,1,0,0,0,1,0,,,,
29,1,1,1,1,1,1,0,1,1,1,0,1,,,,
30,1,1,1,1,0,0,0,0,0,0,0,0,,,,
31,,,,,0,0,0,0,0,0,1,0,,,,
32,1,,,,0,0,0,0,0,0,1,0,,,,
33,1,1,1,1,1,1,1,1,1,1,1,1,,,,
34,,1,1,1,0,1,1,1,0,1,1,1,,,,
35,1,1,1,1,1,1,1,1,1,1,1,1,,,,
36,1,1,1,1,1,1,1,1,1,1,1,1,,,,
37,,,,,0,0,0,0,0,1,1,0,,,,
38,1,1,1,1,1,1,1,1,1,1,1,1,,,,
39,1,1,1,1,1,1,1,1,1,1,1,1,,,,
40,1,1,1,1,1,1,1,1,1,1,1,1,,,,
41,1,1,1,1,0,0,1,0,0,0,1,0,,,,
42,1,1,1,1,1,1,1,1,1,1,1,1,,,,
43,1,1,1,1,1,1,1,1,1,1,1,1,,,,
44,1,1,1,1,0,1,1,1,0,1,1,1,,,,
45,1,1,1,1,0,0,0,0,0,0,0,0,,,,
46,,1,1,1,0,1,1,1,0,1,1,1,,,,
47,1,1,1,1,0,0,0,0,0,0,0,0,,,,
48,1,1,1,1,0,0,1,0,0,0,1,0,,,,
49,,,,,0,0,0,0,0,1,1,0,,,,
50,,1,1,1,0,1,1,1,0,1,1,1,,,,
51,1,1,1,1,1,1,0,1,1,1,0,1,,,,
52,1,1,1,1,0,0,0,0,0,0,0,0,,,,
53,1,1,1,1,1,1,1,1,1,1,1,1,,,,
54,1,1,1,1,1,1,1,1,1,1,1,1,,,,
55,1,1,1,1,1,1,1,1,1,1,1,1,,,,
56,1,1,1,1,0,0,1,0,0,0,1,0,,,,
57,1,1,1,1,0,0,0,0,0,0,0,0,,,,
58,1,1,1,1,1,1,0,1,1,1,0,1,,,,
59,1,1,1,1,1,1,1,1,1,1,1,1,,,,
60,,1,1,1,0,0,1,0,0,0,1,0,,,,
61,1,1,1,1,1,1,1,1,1,1,1,1,,,,
62,1,1,1,1,1,1,1,1,1,1,1,1,,,,
63,,1,1,1,0,1,1,0,0,1,1,0,,,,
64,,1,1,1,0,0,1,0,0,0,1,0,,,,
65,1,1,1,1,0,0,0,0,0,0,0,0,,,,
66,1,1,1,1,1,1,1,1,1,1,1,1,,,,
67,1,1,1,1,0,0,0,0,0,0,0,0,,,,
68,1,1,1,1,0,0,1,0,0,0,1,0,,,,
69,1,1,1,1,1,1,0,1,1,1,0,1,,,,
70,1,1,1,1,1,1,1,1,1,1,1,1,,,,
71,1,1,1,1,1,1,1,1,1,1,1,1,,,,
72,1,1,1,1,1,1,1,1,1,1,1,1,,,,
73,,1,1,1,0,1,1,0,0,1,1,0,,,,
74,1,1,1,1,0,0,0,0,0,0,0,0,,,,
75,1,1,1,1,1,1,1,1,1,1,1,1,,,,
76,1,1,1,1,1,1,1,1,1,1,1,1,,,,
77,,,,,0,0,0,0,0,1,1,1,,,,
78,1,1,1,1,1,1,1,1,1,1,1,1,,,,
79,1,,,,0,0,0,0,0,0,1,0,,,,
80,1,1,1,1,1,1,1,1,1,1,1,1,,,,
81,1,1,1,1,1,1,1,1,1,1,1,1,,,,
82,1,1,1,1,1,1,1,1,1,1,1,1,,,,
83,,,,,0,0,0,0,0,1,1,0,,,,
84,1,1,1,1,1,1,0,1,1,1,0,1,,,,
85,,,,,0,0,0,0,1,1,0,1,,,,
86,1,1,1,1,1,1,1,1,1,1,1,1,,,,
87,1,1,1,1,1,1,0,1,1,1,0,1,,,,
88,1,1,1,1,1,1,1,1,1,1,1,1,,,,
89,1,1,1,1,0,0,0,0,0,0,0,0,,,,
90,1,1,1,1,1,1,1,1,1,1,1,1,,,,
91,,1,1,1,0,1,1,1,0,1,1,1,,,,
92,1,1,1,1,1,1,1,1,1,1,1,1,,,,
93,1,1,1,1,1,1,0,1,1,1,0,1,,,,
94,,,,,0,0,0,0,0,0,1,0,,,,
95,1,1,1,1,0,0,1,0,0,0,1,0,,,,
96,1,1,1,1,0,0,1,0,0,0,1,0,,,,
97,1,1,1,1,1,1,1,1,1,1,1,1,,,,
98,1,1,1,1,0,0,1,0,0,0,1,0,,,,
99,,1,1,1,0,1,1,1,0,1,1,1,,,,
100,,1,1,1,0,1,1,0,0,1,1,0,,,,
101,,1,1,1,0,1,1,0,0,1,1,0,,,,
102,1,1,1,1,0,0,1,0,0,0,1,0,,,,
103,,,,,0,0,0,0,0,0,1,0,,,,
104,1,1,1,1,0,0,1,0,0,0,1,0,,,,
105,1,1,1,1,1,1,1,1,1,1,1,1,,,,
106,1,1,1,1,1,1,1,1,1,1,1,1,,,,
107,1,1,1,1,1,1,1,1,1,1,1,1,,,,
108,1,1,1,1,0,0,1,0,0,0,1,0,,,,
109,,1,1,1,0,1,1,1,0,1,1,1,,,,
110,1,1,1,1,1,1,1,1,1,1,1,1,,,,
111,,1,1,1,0,1,1,1,0,1,1,1,,,,
112,1,1,1,1,1,1,1,1,1,1,1,1,,,,
113,1,1,1,1,0,0,1,0,0,0,1,0,,,,
114,1,1,1,1,1,1,1,1,1,1,1,1,,,,
115,1,1,1,1,0,0,0,0,0,0,0,0,,,,
116,1,1,1,1,1,1,1,1,1,1,1,1,,,,
117,1,1,1,1,0,0,0,0,0,0,0,0,,,,
118,1,1,1,1,1,1,1,1,1,1,1,1,,,,
119,,1,1,1,0,0,1,0,0,0,1,0,,,,
120,1,1,1,1,0,0,1,0,0,0,1,0,,,,
121,,1,1,1,0,1,1,1,0,1,1,1,,,,
122,1,1,1,1,1,1,0,1,1,1,0,1,,,,
123,1,1,1,1,1,1,0,1,1,1,0,1,,,,
124,,1,1,1,0,1,1,1,0,1,1,1,,,,
125,,,,,0,0,0,0,0,1,1,0,,,,
126,1,1,1,1,1,1,1,1,1,1,1,1,,,,
127,1,1,1,1,1,1,1,1,1,1,1,1,,,,
128,,1,1,1,0,1,1,1,0,1,1,1,,,,
129,1,1,1,1,1,1,1,1,1,1,1,1,,,,
130,1,1,1,1,1,1,1,1,1,1,1,1,,,,
131,,1,1,1,0,0,1,0,0,0,1,0,,,,
132,,1,1,1,0,1,1,1,0,1,1,1,,,,
133,,,,,0,0,0,0,0,0,1,0,,,,
134,1,1,1,1,0,0,0,0,0,0,0,0,,,,
135,,1,1,1,0,1,1,1,1,1,1,1,,,,
136,1,1,1,1,1,1,1,1,1,1,1,1,,,,
137,1,1,1,1,1,1,1,1,1,1,1,1,,,,
138,1,1,1,1,1,1,1,1,1,1,1,1,,,,
139,,,,,0,0,0,0,0,1,1,1,,,,
140,1,1,1,1,1,1,1,1,1,1,1,1,,,,
141,1,1,1,1,0,0,0,0,0,0,0,0,,,,
142,1,1,1,1,1,1,1,1,1,1,1,1,,,,
143,,1,1,1,0,1,1,1,0,1,1,1,,,,
144,1,1,1,1,1,1,1,1,1,1,1,1,,,,
145,1,,,,1,0,0,0,1,1,1,1,,,,
146,,1,1,1,0,0,0,0,0,0,0,0,,,,
147,1,1,1,1,1,1,1,1,1,1,1,1,,,,
148,1,1,1,1,1,1,1,1,1,1,1,1,,,,
149,1,1,1,1,1,1,1,1,1,1,1,1,,,,
150,1,1,1,1,1,1,1,1,1,1,1,1,,,,
151,1,1,1,1,0,1,1,1,0,1,1,1,,,,
152,1,1,1,1,1,1,1,1,1,1,1,1,,,,
153,1,1,1,1,1,1,1,1,1,1,1,1,,,,
154,,,,,0,0,0,0,1,0,0,0,,,,
155,1,1,1,1,0,0,0,0,0,0,0,0,,,,
156,1,1,1,1,1,0,0,0,1,0,0,0,,,,
157,1,1,1,1,0,1,1,1,0,1,1,1,,,,
158,1,,,,0,0,0,0,0,0,0,0,,,,
159,,,,,0,0,0,0,0,0,1,0,,,,
160,1,1,1,1,1,1,1,1,1,1,1,1,,,,
161,,,,,0,0,0,0,1,1,0,1,,,,
162,1,1,1,1,1,1,1,1,1,1,1,1,,,,
163,,,,,0,0,0,0,1,1,1,1,,,,
164,,,,,0,0,0,0,0,1,1,1,,,,
165,,1,1,1,0,1,1,1,1,1,1,1,,,,
166,1,1,1,1,1,1,1,1,1,1,1,1,,,,
167,1,1,1,1,1,1,1,1,1,1,1,1,,,,
168,,,,,0,0,0,0,0,0,0,0,,,,
169,1,1,1,1,1,1,1,1,1,1,1,1,,,,
170,1,1,1,1,1,1,1,1,1,1,1,1,,,,
171,1,1,1,1,0,0,0,0,0,0,0,0,,,,
172,,,,,0,0,0,0,1,1,1,1,,,,
173,1,1,1,1,1,1,1,1,1,1,1,1,,,,
174,1,1,1,1,1,1,1,1,1,1,1,1,,,,
175,,,,,0,0,0,0,0,0,1,0,,,,
176,,,,,0,0,0,0,0,1,1,1,,,,
177,1,1,1,1,0,0,0,0,0,0,0,0,,,,
178,1,1,1,1,1,1,1,1,1,1,1,1,,,,
179,,,,,0,0,0,0,1,1,1,1,,,,
180,1,1,1,1,1,1,1,1,1,1,1,1,,,,
181,1,1,1,1,1,1,1,1,1,1,1,1,,,,
182,1,1,1,1,1,1,1,1,1,1,1,1,,,,
183,,,,,0,0,0,0,0,1,1,1,,,,
184,1,1,1,1,1,1,1,1,1,1,1,1,,,,
185,1,1,1,1,1,1,1,1,1,1,1,1,,,,
186,1,1,1,1,1,1,1,1,1,1,1,1,,,,
187,1,1,1,1,1,1,1,1,1,1,1,1,,,,
188,,1,1,1,0,1,1,1,1,1,1,1,,,,
189,1,1,1,1,1,1,1,1,1,1,1,1,,,,
190,1,1,1,1,0,0,0,0,0,0,0,0,,,,
191,1,1,1,1,1,1,1,1,1,1,1,1,,,,
192,1,1,1,1,1,1,1,1,1,1,1,1,,,,
193,1,1,1,1,1,1,1,1,1,1,1,1,,,,
194,,,,,0,0,0,0,0,1,1,0,,,,
195,1,1,1,1,1,1,1,1,1,1,1,1,,,,
196,1,1,1,1,1,1,1,1,1,1,1,1,,,,
197,1,1,1,1,1,1,1,1,1,1,1,1,,,,
198,1,1,1,1,1,1,1,1,1,1,1,1,,,,
199,,1,1,1,0,1,1,1,0,1,1,1,,,,
200,1,,,,0,0,0,0,0,0,0,0,,,,
201,1,1,1,1,1,1,1,1,1,1,1,1,,,,
202,1,1,1,1,1,1,1,1,1,1,1,1,,,,
203,1,1,1,1,1,1,1,1,1,1,1,1,,,,
204,1,1,1,1,1,1,1,1,1,1,1,1,,,,
205,,,,,0,0,0,0,0,0,0,0,,,,
206,,1,1,1,0,1,1,1,1,1,1,1,,,,
207,1,1,1,1,0,1,1,1,0,1,1,1,,,,
208,,,,,0,0,0,0,0,1,1,1,,,,
209,1,1,1,1,1,1,1,1,1,1,1,1,,,,
210,1,1,1,1,1,1,1,1,1,1,1,1,,,,
211,1,,,,1,0,0,0,1,1,1,1,,,,
212,1,1,1,1,1,1,1,1,1,1,1,1,,,,
213,1,1,1,1,0,0,0,0,0,0,0,0,,,,
214,1,1,1,1,1,1,1,1,1,1,1,1,,,,
215,1,1,1,1,1,1,1,1,1,1,1,1,,,,
216,1,1,1,1,1,1,1,1,1,1,1,1,,,,
217,,,,,0,0,0,0,0,1,1,1,,,,
218,,,,,0,0,0,0,1,0,1,0,,,,
219,1,1,1,1,1,1,1,1,1,1,1,1,,,,
220,1,1,1,1,1,1,1,1,1,1,1,1,,,,
221,1,1,1,1,1,1,0,1,1,1,0,1,,,,
222,1,1,1,1,1,1,1,1,1,1,1,1,,,,
223,1,1,1,1,1,1,1,1,1,1,1,1,,,,
224,1,1,1,1,1,1,1,1,1,1,1,1,,,,
225,,1,1,1,0,0,1,0,0,0,1,0,,,,
226,1,1,1,1,1,1,1,1,1,1,1,1,,,,
227,,,,,0,0,0,0,0,1,1,1,,,,
228,1,1,1,1,1,1,1,1,1,1,1,1,,,,
229,1,1,1,1,1,1,1,1,1,1,1,1,,,,
230,1,1,1,1,1,1,1,1,1,1,1,1,,,,
231,,,,,0,0,0,0,0,0,1,0,,,,
232,1,1,1,1,1,1,0,1,1,1,0,1,,,,
233,1,1,1,1,1,1,1,1,1,1,1,1,,,,
234,1,,,,1,0,0,0,1,1,0,1,,,,
235,1,1,1,1,1,1,1,1,1,1,1,1,,,,
236,1,1,1,1,1,1,0,1,1,1,0,1,,,,
237,1,1,1,1,1,1,0,1,1,1,0,1,,,,
238,1,1,1,1,0,0,0,0,0,0,0,0,,,,
239,1,1,1,1,1,1,1,1,1,1,1,1,,,,
240,1,1,1,1,1,1,1,1,1,1,1,1,,,,
241,,,,,0,0,0,0,1,1,1,1,,,,
242,1,1,1,1,1,1,1,1,1,1,1,1,,,,
243,1,,,,0,0,0,0,0,0,1,0,,,,
244,1,1,1,1,1,1,1,1,1,1,1,1,,,,
245,,,,,0,0,0,0,0,0,1,0,,,,
246,1,1,1,1,0,1,1,1,0,1,1,1,,,,
247,1,1,1,1,1,1,1,1,1,1,1,1,,,,
248,1,1,1,1,1,1,1,1,1,1,1,1,,,,
249,1,,,,0,0,0,0,0,0,0,0,,,,
250,1,1,1,1,1,1,1,1,1,1,1,1,,,,
251,1,,,,1,0,0,0,1,1,1,1,,,,
252,,,,,0,0,0,0,1,1,1,1,,,,
253,1,,,,1,0,0,0,1,1,1,1,,,,
254,1,1,1,1,1,1,1,1,1,1,1,1,,,,
255,1,1,1,1,1,1,1,1,1,1,1,1,,,,
256,1,1,1,1,1,1,1,1,1,1,1,1,,,,
257,,,,,0,0,0,0,1,0,1,0,,,,
258,1,1,1,1,1,1,1,1,1,1,1,1,,,,
259,,,,,0,0,0,0,1,0,1,1,,,,
260,,,,,0,0,0,0,1,1,1,1,,,,
261,1,1,1,1,1,1,1,1,1,1,1,1,,,,
262,1,1,1,1,1,1,1,1,1,1,1,1,,,,
263,,,,,0,0,0,0,1,0,0,1,,,,
264,1,1,1,1,1,1,1,1,1,1,1,1,,,,
265,,,,,0,0,0,0,1,0,0,0,,,,
266,1,1,1,1,1,1,1,1,1,1,1,1,,,,
267,1,1,1,1,1,1,1,1,1,1,1,1,,,,
268,1,1,1,1,1,1,1,1,1,1,1,1,,,,
269,1,1,1,1,1,1,1,1,1,1,1,1,,,,
270,1,1,1,1,0,0,0,0,0,0,0,0,,,,
271,1,1,1,1,0,0,0,0,0,0,0,0,,,,
272,1,1,1,1,1,1,1,1,1,1,1,1,,,,
273,1,1,1,1,1,1,1,1,1,1,1,1,,,,
274,1,1,1,1,0,0,0,0,0,0,0,0,,,,
275,1,1,1,1,1,1,1,1,1,1,1,1,,,,
276,1,1,1,1,1,1,1,1,1,1,1,1,,,,
277,,,,,0,0,0,0,0,0,1,0,,,,
278,1,1,1,1,1,1,1,1,1,1,1,1,,,,
279,1,1,1,1,0,0,0,0,0,0,0,0,,,,
280,1,1,1,1,1,1,1,1,1,1,1,1,,,,
281,1,1,1,1,1,1,1,1,1,1,1,1,,,,
282,1,1,1,1,1,1,1,1,1,1,1,1,,,,
283,,,,,0,0,0,0,1,0,1,0,,,,
284,1,1,1,1,1,1,1,1,1,1,1,1,,,,
285,1,1,1,1,1,1,1,1,1,1,1,1,,,,
286,1,1,1,1,1,1,1,1,1,1,1,1,,,,
287,1,1,1,1,1,1,1,1,1,1,1,1,,,,
288,1,1,1,1,1,1,1,1,1,1,1,1,,,,
289,1,,,,1,0,0,0,1,1,1,1,,,,
290,1,1,1,1,1,1,1,1,1,1,1,1,,,,
291,1,,,,1,0,0,0,1,1,1,1,,,,
292,1,1,1,1,0,0,0,0,0,0,0,0,,,,
293,,,,,0,0,0,0,0,0,0,0,,,,
294,,,,,0,0,0,0,1,1,1,1,,,,
295,1,1,1,1,1,1,1,1,1,1,1,1,,,,
296,1,1,1,1,1,1,1,1,1,1,1,1,,,,
297,1,1,1,1,1,1,1,1,1,1,1,1,,,,
298,1,1,1,1,1,1,1,1,1,1,1,1,,,,
299,1,1,1,1,0,1,1,1,0,1,1,1,,,,
300,,,,,0,0,0,0,0,1,1,1,,,,
301,1,1,1,1,1,1,1,1,1,1,1,1,,,,
302,,,,,0,0,0,0,1,1,1,1,,,,
303,1,1,1,1,1,1,1,1,1,1,1,1,,,,
304,1,1,1,1,1,1,1,1,1,1,1,1,,,,
305,1,1,1,1,1,1,1,1,1,1,1,1,,,,
306,,,,,0,0,0,0,0,0,1,0,,,,
307,1,1,1,1,1,1,1,1,1,1,1,1,,,,
308,1,1,1,1,1,1,1,1,1,1,1,1,,,,
309,1,1,1,1,1,1,1,1,1,1,1,1,,,,
310,1,1,1,1,1,1,1,1,1,1,1,1,,,,
311,,1,1,1,0,1,0,1,1,1,0,1,,,,
312,1,1,1,1,1,1,1,1,1,1,1,1,,,,
313,,,,,0,0,0,0,0,1,1,1,,,,
314,,,,,0,0,0,0,1,0,1,0,,,,
315,,,,,0,0,0,0,1,0,1,1,,,,
316,1,1,1,1,1,1,1,1,1,1,1,1,,,,
317,1,1,1,1,1,1,1,1,1,1,1,1,,,,
318,1,1,1,1,1,1,1,1,1,1,1,1,,,,
319,1,1,1,1,1,1,1,1,1,1,1,1,,,,
320,1,1,1,1,1,1,1,1,1,1,1,1,,,,
321,1,1,1,1,0,0,0,0,0,0,0,0,,,,
322,,1,1,1,0,1,1,1,0,1,1,1,,,,
323,1,1,1,1,1,1,1,1,1,1,1,1,,,,
324,1,1,1,1,1,1,1,1,1,1,1,1,,,,
325,1,,,,1,0,0,0,1,1,1,1,,,,
326,,,,,0,0,0,0,0,1,1,1,,,,
327,1,1,1,1,1,1,1,1,1,1,1,1,,,,
328,1,,,,1,0,0,0,1,1,1,1,,,,
329,1,1,1,1,1,1,1,1,1,1,1,1,,,,
330,,,,,0,0,0,0,1,0,0,0,,,,
331,1,,,,1,0,0,0,1,1,1,1,,,,
332,1,1,1,1,0,0,0,0,0,0,0,0,,,,
333,1,1,1,1,1,1,1,1,1,1,1,1,,,,
334,1,1,1,1,1,1,1,1,1,1,1,1,,,,
335,1,1,1,1,1,1,1,1,1,1,1,1,,,,
336,1,1,1,1,1,1,1,1,1,1,1,1,,,,
337,1,,,,1,0,0,0,1,1,1,1,,,,
338,1,1,1,1,0,0,0,0,0,0,0,0,,,,
339,,,,,0,0,0,0,1,0,0,0,,,,
340,1,,,,1,0,0,0,1,1,1,1,,,,
341,,,,,0,0,0,0,1,0,0,0,,,,
342,,1,1,1,0,0,0,0,1,0,0,0,,,,
343,,,,,0,0,0,0,0,0,1,0,,,,
344,1,1,1,1,1,1,1,1,1,1,1,1,,,,
345,1,1,1,1,1,1,1,1,1,1,1,1,,,,
346,,,,,0,0,0,0,0,1,1,1,,,,
347,1,,,,0,0,0,0,0,0,0,0,,,,
348,1,1,1,1,1,1,1,1,1,1,1,1,,,,
349,,,,,0,0,0,0,1,1,0,1,,,,
350,1,1,1,1,1,1,1,1,1,1,1,1,,,,
351,1,1,1,1,1,1,1,1,1,1,1,1,,,,
352,1,1,1,1,1,1,1,1,1,1,1,1,,,,
353,1,1,1,1,1,1,1,1,1,1,1,1,,,,
354,,1,1,1,0,1,1,1,0,1,1,1,,,,
355,,1,1,1,0,1,1,1,0,1,1,1,,,,
356,1,1,1,1,1,1,1,1,1,1,1,1,,,,
357,1,1,1,1,1,1,1,1,1,1,1,1,,,,
358,1,1,1,1,1,1,1,1,1,1,1,1,,,,
359,1,1,1,1,1,1,1,1,1,1,1,1,,,,
360,,1,1,1,0,1,1,1,1,1,1,1,,,,
361,,,,,0,0,0,0,0,1,1,0,,,,
362,1,1,1,1,1,1,1,1,1,1,1,1,,,,
363,,1,1,1,0,1,1,1,1,1,1,1,,,,
364,,,,,0,0,0,0,1,1,0,1,,,,
365,1,1,1,1,1,1,1,1,1,1,1,1,,,,
366,,,,,0,0,0,0,0,0,1,0,,,,
367,1,,,,1,0,0,0,1,1,1,1,,,,
368,1,,,,0,0,0,0,0,0,0,0,,,,
369,1,1,1,1,0,0,0,0,0,0,0,0,,,,
370,1,1,1,1,0,0,0,0,0,0,0,0,,,,
371,1,,,,0,0,0,0,0,0,0,0,,,,
372,1,1,1,1,1,1,1,1,1,1,1,1,,,,
373,,,,,0,0,0,0,0,1,1,1,,,,
374,1,1,1,1,1,1,1,1,1,1,1,1,,,,
375,1,1,1,1,1,1,1,1,1,1,1,1,,,,
376,1,1,1,1,1,1,1,1,1,1,1,1,,,,
377,1,1,1,1,0,0,1,0,0,0,1,0,,,,
378,1,1,1,1,0,1,1,1,0,1,1,1,,,,
379,,1,1,1,0,0,1,0,0,0,1,0,,,,
380,,1,1,1,0,1,1,1,1,1,1,1,,,,
381,1,1,1,1,1,1,1,1,1,1,1,1,,,,
382,1,1,1,1,1,1,1,1,1,1,1,1,,,,
383,1,1,1,1,1,1,1,1,1,1,1,1,,,,
384,,,,,0,0,0,0,0,1,1,1,,,,
385,1,1,1,1,1,1,1,1,1,1,1,1,,,,
386,,,,,0,0,0,0,0,1,1,1,,,,
387,1,1,1,1,1,1,1,1,1,1,1,1,,,,
388,1,1,1,1,1,1,1,1,1,1,1,1,,,,
389,,,,,0,0,0,0,1,1,1,1,,,,
390,,,,,0,0,0,0,0,1,1,1,,,,
391,1,1,1,1,1,1,1,1,1,1,1,1,,,,
392,1,,,,0,0,0,0,0,0,0,0,,,,
393,1,1,1,1,1,1,1,1,1,1,1,1,,,,
394,1,1,1,1,1,1,1,1,1,1,1,1,,,,
395,1,1,1,1,1,1,1,1,1,1,1,1,,,,
396,1,1,1,1,0,1,1,1,0,1,1,1,,,,
397,1,1,1,1,1,1,1,1,1,1,1,1,,,,
398,1,1,1,1,1,1,1,1,1,1,1,1,,,,
399,,1,1,1,0,0,1,0,0,0,1,0,,,,
400,1,1,1,1,1,1,1,1,1,1,1,1,,,,
401,,,,,0,0,0,0,1,0,0,1,,,,
402,1,1,1,1,1,1,1,1,1,1,1,1,,,,
403,1,1,1,1,1,1,1,1,1,1,1,1,,,,
404,1,,,,1,0,0,0,1,0,0,0,,,,
405,1,1,1,1,1,1,1,1,1,1,1,1,,,,
406,,1,1,1,0,1,1,1,1,1,1,1,,,,
407,1,1,1,1,1,1,1,1,1,1,1,1,,,,
408,1,1,1,1,0,0,0,0,0,0,0,0,,,,
409,1,1,1,1,1,1,1,1,1,1,1,1,,,,
410,,1,1,1,0,1,1,1,1,1,1,1,,,,
411,1,1,1,1,1,1,1,1,1,1,1,1,,,,
412,1,1,1,1,1,1,1,1,1,1,1,1,,,,
413,1,1,1,1,1,1,1,1,1,1,1,1,,,,
414,,,,,0,0,0,0,1,1,1,1,,,,
415,1,1,1,1,1,1,1,1,1,1,1,1,,,,
416,1,1,1,1,1,1,1,1,1,1,1,1,,,,
417,,,,,0,0,0,0,0,0,0,0,,,,
418,1,1,1,1,1,1,1,1,1,1,1,1,,,,
419,,,,,0,0,0,0,1,1,1,1,,,,
420,,,,,0,0,0,0,0,0,1,0,,,,
421,,,,,0,0,0,0,1,1,1,1,,,,
422,1,1,1,1,1,1,1,1,1,1,1,1,,,,
423,1,1,1,1,1,1,1,1,1,1,1,1,,,,
424,,1,1,1,0,1,1,1,1,1,1,1,,,,
425,1,1,1,1,1,1,1,1,1,1,1,1,,,,
426,1,1,1,1,1,1,1,1,1,1,1,1,,,,
427,1,1,1,1,0,0,0,0,0,0,0,0,,,,
428,,,,,0,0,0,0,1,0,1,1,,,,
429,1,,,,0,0,0,0,0,0,1,0,,,,
430,,,,,0,0,0,0,0,1,1,1,,,,
431,1,1,1,1,0,1,1,1,0,1,1,1,,,,
432,,,,,0,0,0,0,1,0,0,1,,,,
433,1,1,1,1,0,1,1,1,0,1,1,1,,,,
434,1,1,1,1,0,1,1,1,0,1,1,1,,,,
435,1,1,1,1,1,1,1,1,1,1,1,1,,,,
436,1,1,1,1,1,1,1,1,1,1,1,1,,,,
437,1,1,1,1,1,1,1,1,1,1,1,1,,,,
438,1,,,,0,0,0,0,0,0,1,0,,,,
439,,,,,0,0,0,0,0,1,1,1,,,,
440,1,1,1,1,1,1,1,1,1,1,1,1,,,,
441,1,1,1,1,1,1,1,1,1,1,1,1,,,,
442,1,1,1,1,1,1,1,1,1,1,1,1,,,,
443,1,1,1,1,1,1,1,1,1,1,1,1,,,,
444,,,,,0,0,0,0,1,1,1,1,,,,
445,,,,,0,0,0,0,1,0,0,1,,,,
446,,1,1,1,0,0,0,0,1,0,0,0,,,,
447,,1,1,1,0,1,1,1,1,1,1,1,,,,
448,1,1,1,1,1,1,1,1,1,1,1,1,,,,
449,1,,,,1,0,0,0,1,1,1,1,,,,
450,1,1,1,1,1,1,1,1,1,1,1,1,,,,
451,1,1,1,1,0,0,0,0,0,0,0,0,,,,
452,1,1,1,1,1,1,1,1,1,1,1,1,,,,
453,1,1,1,1,1,1,1,1,1,1,1,1,,,,
454,1,1,1,1,1,1,1,1,1,1,1,1,,,,
455,1,1,1,1,0,0,0,0,0,0,0,0,,,,
456,1,1,1,1,1,1,1,1,1,1,1,1,,,,
457,1,1,1,1,0,0,0,0,0,0,0,0,,,,
458,1,1,1,1,1,1,1,1,1,1,1,1,,,,
459,,,,,0,0,0,0,0,1,1,0,,,,
460,1,1,1,1,1,1,1,1,1,1,1,1,,,,
461,1,1,1,1,1,1,1,1,1,1,1,1,,,,
462,1,1,1,1,1,1,1,1,1,1,1,1,,,,
463,1,1,1,1,1,1,1,1,1,1,1,1,,,,
464,1,1,1,1,0,0,0,0,0,0,0,0,,,,
465,1,1,1,1,1,1,1,1,1,1,1,1,,,,
466,1,1,1,1,1,1,1,1,1,1,1,1,,,,
467,1,1,1,1,1,1,1,1,1,1,1,1,,,,
468,1,1,1,1,0,1,1,1,0,1,1,1,,,,
469,,,,,0,0,0,0,0,0,1,0,,,,
470,1,1,1,1,1,1,1,1,1,1,1,1,,,,
471,,,,,0,0,0,0,0,1,1,0,,,,
472,,1,1,1,0,1,1,1,1,1,1,1,,,,
473,,,,,0,0,0,0,1,0,0,0,,,,
474,,,,,0,0,0,0,1,0,1,1,,,,
475,1,1,1,1,1,1,1,1,1,1,1,1,,,,
476,,1,1,1,0,1,1,1,0,1,1,1,,,,
477,,1,1,1,0,1,1,1,0,1,1,1,,,,
478,,,,,0,0,0,0,0,1,1,1,,,,
479,,1,1,1,0,1,1,1,1,1,1,1,,,,
480,,,,,0,0,0,0,1,1,1,1,,,,
481,,1,1,1,0,1,1,1,0,1,1,1,,,,
482,1,1,1,1,1,1,1,1,1,1,1,1,,,,
483,1,1,1,1,1,1,1,1,1,1,1,1,,,,
484,,1,1,1,0,0,0,0,0,0,0,0,,,,
485,1,1,1,1,1,1,1,1,1,1,1,1,,,,
486,1,1,1,1,1,1,0,1,1,1,0,1,,,,
487,1,1,1,1,1,1,1,1,1,1,1,1,,,,
488,1,1,1,1,1,1,1,1,1,1,1,1,,,,
489,,,,,0,0,0,0,0,1,1,1,,,,
490,,1,1,1,0,1,1,1,0,1,1,1,,,,
491,,1,1,1,0,1,1,1,0,1,1,1,,,,
492,1,1,1,1,1,1,1,1,1,1,1,1,,,,
493,1,1,1,1,1,1,1,1,1,1,1,1,,,,
494,1,1,1,1,1,1,0,1,1,1,0,1,,,,
495,,,,,0,0,0,0,0,1,1,1,,,,
496,1,1,1,1,1,1,1,1,1,1,1,1,,,,
497,1,1,1,1,0,1,1,1,0,1,1,1,,,,
498,,,,,0,0,0,0,0,1,1,1,,,,
499,1,1,1,1,1,1,1,1,1,1,1,1,,,,
500,1,1,1,1,1,1,1,1,1,1,1,1,,,,
501,1,1,1,1,1,1,1,1,1,1,1,1,,,,
502,1,1,1,1,1,1,1,1,1,1,1,1,,,,
503,1,1,1,1,1,1,1,1,1,1,1,1,,,,
504,,1,1,1,0,1,1,1,1,1,1,1,,,,
505,1,1,1,1,1,1,1,1,1,1,1,1,,,,
506,1,1,1,1,1,1,1,1,1,1,1,1,,,,
507,1,1,1,1,1,1,1,1,1,1,1,1,,,,
508,1,1,1,1,1,1,1,1,1,1,1,1,,,,
509,1,1,1,1,0,0,1,0,0,0,1,0,,,,
510,1,1,1,1,0,0,0,0,0,0,0,0,,,,
511,1,1,1,1,0,0,1,0,0,0,1,0,,,,
512,1,1,1,1,1,1,1,1,1,1,1,1,,,,
513,,1,1,1,0,1,1,1,1,1,1,1,,,,
514,1,1,1,1,1,1,1,1,1,1,1,1,,,,
515,1,1,1,1,1,1,1,1,1,1,1,1,,,,
516,1,1,1,1,0,0,0,0,0,0,0,0,,,,
517,1,1,1,1,1,1,1,1,1,1,1,1,,,,
518,1,1,1,1,0,0,1,0,0,0,1,0,,,,
519,1,1,1,1,1,1,1,1,1,1,1,1,,,,
520,1,1,1,1,1,1,1,1,1,1,1,1,,,,
521,1,,,,1,0,0,0,1,1,1,1,,,,
522,1,,,,1,0,0,0,1,1,1,1,,,,
523,1,1,1,1,1,1,1,1,1,1,1,1,,,,
524,,,,,0,0,0,0,0,1,1,1,,,,
525,,,,,0,0,0,0,1,1,0,1,,,,
526,,,,,0,0,0,0,0,0,1,0,,,,
527,1,,,,1,0,0,0,1,1,1,1,,,,
528,1,,,,1,0,0,0,1,1,1,1,,,,
529,1,1,1,1,1,1,1,1,1,1,1,1,,,,
530,1,,,,1,0,0,0,1,1,1,1,,,,
531,1,1,1,1,1,1,1,1,1,1,1,1,,,,
532,1,1,1,1,1,1,1,1,1,1,1,1,,,,
533,1,,,,1,0,0,0,1,1,1,1,,,,
534,,,,,0,0,0,0,0,1,1,1,,,,
535,1,,,,1,0,0,0,1,1,1,1,,,,
536,1,,,,1,0,0,0,1,1,1,1,,,,
537,,,,,0,0,0,0,1,0,0,1,,,,
538,,,,,0,0,0,0,1,1,1,1,,,,
539,,,,,0,0,0,0,0,0,1,0,,,,
540,,,,,0,0,0,0,1,1,1,1,,,,
541,1,,,,1,0,0,0,1,1,1,1,,,,
542,1,,,,1,0,0,0,1,1,1,1,,,,
543,1,,,,1,0,0,0,1,1,1,1,,,,
544,1,,,,1,0,0,0,1,1,1,1,,,,
545,1,,,,1,0,0,0,1,1,1,1,,,,
546,1,,,,1,0,0,0,1,1,1,1,,,,
547,1,,,,1,0,0,0,1,1,1,1,,,,
548,,,,,0,0,0,0,0,1,1,1,,,,
549,,,,,0,0,0,0,0,1,1,1,,,,
550,1,,,,0,0,0,0,0,0,0,0,,,,
551,1,,,,0,0,0,0,0,1,1,1,,,,
552,1,,,,0,0,0,0,0,0,0,0,,,,
553,1,1,1,1,1,1,1,1,1,1,1,1,,,,
554,,,,,0,0,0,0,1,0,0,0,,,,
555,1,,,,1,0,0,0,1,1,1,1,,,,
556,,,,,0,0,0,0,0,1,1,1,,,,
557,,,,,0,0,0,0,0,1,1,1,,,,
558,,,,,0,0,0,0,0,1,1,1,,,,
559,,,,,0,0,0,0,0,1,1,1,,,,
560,,,,,0,0,0,0,0,1,1,1,,,,
561,,,,,0,0,0,0,1,1,1,1,,,,
562,,,,,0,0,0,0,1,0,0,0,,,,
563,,,,,0,0,0,0,0,1,1,1,,,,
564,,,,,0,0,0,0,0,1,1,1,,,,
565,,,,,0,0,0,0,1,1,1,1,,,,
566,,,,,0,0,0,0,1,1,1,1,,,,
567,,,,,0,0,0,0,1,1,1,1,,,,
568,,,,,0,0,0,0,1,1,1,1,,,,
569,1,,,,1,0,0,0,1,1,1,1,,,,
570,1,,,,1,0,0,0,1,1,1,1,,,,
571,1,,,,0,0,0,0,0,0,0,0,,,,
572,,,,,0,0,0,0,1,1,1,1,,,,
573,1,,,,1,0,0,0,1,1,1,1,,,,
574,1,,,,0,0,0,0,0,1,1,1,,,,
575,1,,,,1,0,0,0,1,1,1,1,,,,
576,1,,,,1,0,0,0,1,1,1,1,,,,
577,,,,,0,0,0,0,1,0,0,0,,,,
578,,,,,0,0,0,0,0,1,1,1,,,,
579,1,,,,1,0,0,0,1,1,1,1,,,,
580,,,,,0,0,0,0,1,1,1,1,,,,
581,,,,,0,0,0,0,0,0,0,0,,,,
582,,,,,0,0,0,0,1,1,1,1,,,,
583,,,,,0,0,0,0,0,1,1,1,,,,
584,,,,,0,0,0,0,1,1,1,1,,,,
585,,,,,0,0,0,0,0,1,1,1,,,,
586,,,,,0,0,0,0,0,0,0,0,,,,
587,1,,,,1,0,0,0,1,1,1,1,,,,
588,1,1,1,1,0,1,1,1,0,1,1,1,,,,
589,1,1,1,1,1,1,1,1,1,1,1,1,,,,
590,1,1,1,1,1,1,1,1,1,1,1,1,,,,
591,,,,,0,0,0,0,0,1,1,1,,,,
592,,,,,0,0,0,0,1,1,1,1,,,,
593,1,,,,1,0,0,0,1,1,1,1,,,,
594,,,,,0,0,0,0,0,1,1,1,,,,
595,1,,,,1,0,0,0,1,1,1,1,,,,
596,,,,,0,0,0,0,1,0,0,0,,,,
597,1,,,,1,0,0,0,1,1,1,1,,,,
598,1,,,,1,0,0,0,1,1,1,1,,,,
599,1,,,,1,0,0,0,1,1,1,1,,,,
600,1,,,,1,0,0,0,1,1,1,1,,,,
601,1,,,,0,0,0,0,0,1,1,1,,,,
602,1,,,,1,0,0,0,1,1,1,1,,,,
603,,,,,0,0,0,0,1,1,1,1,,,,
604,1,,,,1,0,0,0,1,1,1,1,,,,
605,1,,,,0,0,0,0,0,0,0,0,,,,
606,1,,,,0,0,0,0,0,0,0,0,,,,
607,1,1,1,1,1,1,1,1,1,1,1,1,,,,
608,1,,,,0,0,0,0,0,0,0,0,,,,
609,1,1,1,1,1,1,1,1,1,1,1,1,,,,
610,,,,,0,0,0,0,0,0,0,0,,,,
611,1,,,,1,0,0,0,1,1,1,1,,,,
612,1,,,,0,0,0,0,0,0,0,0,,,,
613,1,1,1,1,1,1,1,1,1,1,1,1,,,,
614,,,,,0,0,0,0,1,0,0,0,,,,
615,1,1,1,1,1,1,1,1,1,1,1,1,,,,
616,,,,,0,0,0,0,1,1,1,1,,,,
617,,,,,0,0,0,0,0,0,1,0,,,,
618,1,1,1,1,0,0,0,0,0,0,0,0,,,,
619,1,1,1,1,1,1,1,1,1,1,1,1,,,,
620,,,,,0,0,0,0,0,1,1,1,,,,
621,,,,,0,0,0,0,1,1,1,1,,,,
622,1,1,1,1,1,1,1,1,1,1,1,1,,,,
623,1,1,1,1,0,1,1,1,0,1,1,1,,,,
624,,,,,0,0,0,0,1,1,1,1,,,,
625,,,,,0,0,0,0,0,0,1,0,,,,
626,1,1,1,1,1,1,0,1,1,1,0,1,,,,
627,,,,,0,0,0,0,1,0,0,0,,,,
628,,,,,0,0,0,0,0,0,0,0,,,,
629,1,1,1,1,1,1,1,1,1,1,1,1,,,,
630,,,,,0,0,0,0,1,1,1,1,,,,
631,1,1,1,1,1,1,1,1,1,1,1,1,,,,
632,1,1,1,1,0,0,0,0,0,0,0,0,,,,
633,,,,,0,0,0,0,0,0,0,0,,,,
634,1,1,1,1,1,1,1,1,1,1,1,1,,,,
635,,,,,0,0,0,0,0,0,1,0,,,,
636,,,,,0,0,0,0,1,1,1,1,,,,
637,1,1,1,1,1,1,1,1,1,1,1,1,,,,
638,,,,,0,0,0,0,0,0,0,0,,,,
639,1,1,1,1,1,1,1,1,1,1,1,1,,,,
640,,,,,0,0,0,0,0,1,1,1,,,,
641,1,1,1,1,1,1,1,1,1,1,1,1,,,,
642,,,,,0,0,0,0,0,0,0,0,,,,
643,,,,,0,0,0,0,0,0,0,0,,,,
644,,,,,0,0,0,0,1,1,1,1,,,,
645,,,,,0,0,0,0,1,1,1,1,,,,
646,,,,,0,0,0,0,0,1,1,1,,,,
647,,,,,0,0,0,0,0,0,0,0,,,,
648,,1,1,1,0,1,1,1,1,1,1,1,,,,
649,,,,,0,0,0,0,1,1,1,1,,,,
650,,,,,0,0,0,0,1,1,1,1,,,,
651,,1,1,1,0,1,1,1,0,1,1,1,,,,
652,,,,,0,0,0,0,0,0,0,0,,,,
653,1,1,1,1,0,1,1,1,0,1,1,1,,,,
654,,,,,0,0,0,0,1,1,1,1,,,,
655,1,1,1,1,1,1,1,1,1,1,1,1,,,,
656,,,,,0,0,0,0,1,1,1,1,,,,
657,,,,,0,0,0,0,1,1,1,1,,,,
658,1,1,1,1,0,1,1,1,0,1,1,1,,,,
659,,,,,0,0,0,0,1,1,1,1,,,,
660,1,1,1,1,0,0,0,0,0,0,0,0,,,,
661,1,,,,1,0,0,0,1,1,1,1,,,,
662,1,,,,0,0,0,0,0,0,0,0,,,,
663,1,,,,1,0,0,0,1,1,1,1,,,,
664,,,,,0,0,0,0,0,1,1,0,,,,
665,1,1,1,1,1,1,1,1,1,1,1,1,,,,
666,1,1,1,1,0,0,0,0,0,0,0,0,,,,
667,1,1,1,1,1,1,1,1,1,1,1,1,,,,
668,,,,,0,0,0,0,0,0,1,0,,,,
669,1,,,,1,0,0,0,1,1,1,1,,,,
670,1,,,,1,0,0,0,1,1,1,1,,,,
671,,,,,0,0,0,0,0,1,1,1,,,,
672,,,,,0,0,0,0,0,1,1,1,,,,
673,,,,,0,0,0,0,1,0,1,1,,,,
674,,1,1,1,0,0,0,0,0,0,0,0,,,,
675,,,,,0,0,0,0,1,0,0,1,,,,
676,,1,1,1,0,1,1,1,0,1,1,1,,,,
677,,,,,0,0,0,0,1,1,1,1,,,,
678,,1,1,1,0,1,1,1,1,1,1,1,,,,
679,,,,,0,0,0,0,0,1,1,1,,,,
680,1,1,1,1,0,1,1,1,0,1,1,1,,,,
681,,,,,0,0,0,0,1,1,1,1,,,,
682,,,,,0,0,0,0,1,1,1,1,,,,
683,,,,,0,0,0,0,1,1,1,1,,,,
684,,,,,0,0,0,0,1,1,1,1,,,,
685,,,,,0,0,0,0,1,0,1,1,,,,
686,1,1,1,1,1,1,1,1,1,1,1,1,,,,
687,,,,,0,0,0,0,1,0,1,1,,,,
688,,1,1,1,0,1,1,1,1,1,1,1,,,,
689,,,,,0,0,0,0,1,1,1,1,,,,
690,1,1,1,1,0,1,1,1,0,1,1,1,,,,
691,,,,,0,0,0,0,1,1,1,1,,,,
692,1,1,1,1,1,1,1,1,1,1,1,1,,,,
693,,,,,0,0,0,0,0,1,1,1,,,,
694,1,,,,1,0,0,0,1,1,1,1,,,,
695,,,,,0,0,0,0,0,1,1,1,,,,
696,1,,,,0,0,0,0,0,0,0,0,,,,
697,,,,,0,0,0,0,1,0,0,0,,,,
698,,,,,0,0,0,0,0,1,1,0,,,,
699,1,,,,1,0,0,0,1,1,1,1,,,,
700,1,1,1,1,1,1,1,1,1,1,1,1,,,,
701,,,,,0,0,0,0,0,0,0,0,,,,
702,,,,,0,0,0,0,1,0,0,1,,,,
703,1,,,,0,0,0,0,0,1,1,1,,,,
704,,,,,0,0,0,0,1,0,0,0,,,,
705,1,1,1,1,0,0,0,0,0,0,0,0,,,,
706,,1,1,1,0,1,1,1,0,1,1,1,,,,
707,,,,,0,0,0,0,1,0,0,0,,,,
708,,,,,0,0,0,0,1,0,0,0,,,,
709,1,1,1,1,0,0,0,0,0,0,0,0,,,,
710,,,,,0,0,0,0,1,1,1,1,,,,
711,,,,,0,0,0,0,0,1,1,1,,,,
712,1,1,1,1,0,0,0,0,0,0,0,0,,,,
713,,,,,0,0,0,0,1,1,1,1,,,,
714,,1,1,1,0,0,0,0,1,0,0,0,,,,
715,,,,,0,0,0,0,1,0,0,0,,,,
716,,,,,0,0,0,0,1,1,1,1,,,,
717,,,,,0,0,0,0,0,1,1,1,,,,
718,1,1,1,1,1,0,0,0,1,0,0,0,,,,
719,,,,,0,0,0,0,0,0,1,0,,,,
720,,,,,0,0,0,0,0,1,1,1,,,,
721,,,,,0,0,0,0,0,1,1,1,,,,
722,,,,,0,0,0,0,0,1,1,1,,,,
723,,1,1,1,0,1,1,1,0,1,1,1,,,,
724,,,,,0,0,0,0,0,1,1,1,,,,
725,1,1,1,1,0,1,1,1,0,1,1,1,,,,
726,,,,,0,0,0,0,1,0,0,0,,,,
727,1,1,1,1,1,1,1,1,1,1,1,1,,,,
728,1,1,1,1,0,1,1,1,0,1,1,1,,,,
729,,,,,0,0,0,0,0,0,0,0,,,,
730,1,1,1,1,0,1,1,1,0,1,1,1,,,,
731,,1,1,1,0,0,0,0,0,0,0,0,,,,
732,1,1,1,1,0,0,1,0,0,0,1,0,,,,
733,,,,,0,0,0,0,1,0,0,0,,,,
734,,1,1,1,0,0,0,0,1,0,0,0,,,,
735,,,,,0,0,0,0,1,0,0,0,,,,
736,1,1,1,1,1,1,1,1,1,1,1,1,,,,
737,,,,,0,0,0,0,1,1,1,1,,,,
738,1,1,1,1,1,1,1,1,1,1,1,1,,,,
739,1,1,1,1,1,1,1,1,1,1,1,1,,,,
740,,,,,0,0,0,0,0,1,1,1,,,,
741,1,,,,0,0,0,0,0,0,0,0,,,,
742,1,,,,0,0,0,0,0,0,0,0,,,,
743,,,,,0,0,0,0,1,0,0,0,,,,
744,1,1,1,1,1,1,1,1,1,1,1,1,,,,
745,,,,,0,0,0,0,1,1,0,1,,,,
746,,,,,0,0,0,0,1,0,0,0,,,,
747,1,,,,0,0,0,0,0,1,1,1,,,,
748,1,1,1,1,1,0,0,0,1,0,0,0,,,,
749,,,,,0,0,0,0,1,0,0,1,,,,
750,1,,,,1,0,0,0,1,1,1,1,,,,
751,1,1,1,1,0,0,0,0,0,0,0,0,,,,
752,,,,,0,0,0,0,1,1,1,1,,,,
753,,,,,0,0,0,0,1,1,1,1,,,,
754,1,,,,1,0,0,0,1,0,0,0,,,,
755,,,,,0,0,0,0,0,1,1,1,,,,
756,1,,,,1,0,0,0,1,1,1,1,,,,
757,1,1,1,1,1,1,1,1,1,1,1,1,,,,
758,,,,,0,0,0,0,0,0,0,0,,,,
759,,,,,0,0,0,0,1,0,0,1,,,,
760,,,,,0,0,0,0,0,1,1,1,,,,
761,1,1,1,1,1,1,1,1,1,1,1,1,,,,
762,1,1,1,1,1,1,1,1,1,1,1,1,,,,
763,,,,,0,0,0,0,0,0,0,0,,,,
764,,,,,0,0,0,0,1,0,0,0,,,,
765,1,,,,1,0,0,0,1,1,1,1,,,,
766,1,,,,0,0,0,0,0,1,1,1,,,,
767,1,,,,1,0,0,0,1,1,1,1,,,,
768,1,,,,0,0,0,0,0,0,0,0,,,,
769,1,1,1,1,1,1,1,1,1,1,1,1,,,,
770,,,,,0,0,0,0,0,1,1,0,,,,
771,,,,,0,0,0,0,1,0,0,0,,,,
772,,,,,0,0,0,0,0,1,1,0,,,,
773,,,,,0,0,0,0,1,1,0,1,,,,
774,1,1,1,1,0,0,0,0,0,0,0,0,,,,
775,1,,,,0,0,0,0,0,0,0,0,,,,
776,1,1,1,1,0,0,0,0,0,0,0,0,,,,
777,1,1,1,1,1,1,1,1,1,1,1,1,,,,
778,1,,,,1,0,0,0,1,1,1,1,,,,
779,,,,,0,0,0,0,0,1,1,1,,,,
780,,,,,0,0,0,0,1,0,0,1,,,,
781,1,,,,0,0,0,0,0,0,0,0,,,,
782,1,,,,1,0,0,0,1,1,1,1,,,,
783,1,,,,0,0,0,0,0,0,0,0,,,,
784,1,,,,0,0,0,0,0,0,0,0,,,,
785,,,,,0,0,0,0,1,0,0,0,,,,
786,,,,,0,0,0,0,1,0,0,0,,,,
787,,,,,0,0,0,0,1,0,0,1,,,,
788,1,,,,1,0,0,0,1,0,0,0,,,,
789,1,1,1,1,0,0,0,0,0,0,0,0,,,,
790,,,,,0,0,0,0,1,0,0,1,,,,
791,1,1,1,1,1,1,1,1,1,1,1,1,,,,
792,,,,,0,0,0,0,1,0,0,0,,,,
793,1,,,,0,0,0,0,0,0,0,0,,,,
794,,,,,0,0,0,0,0,0,0,0,,,,
795,1,,,,1,0,0,0,1,1,1,1,,,,
796,1,,,,0,0,0,0,0,0,0,0,,,,
797,,,,,0,0,0,0,0,0,0,0,,,,
798,1,,,,1,0,0,0,1,1,1,1,,,,
799,1,1,1,1,1,1,1,1,1,1,1,1,,,,
800,1,1,1,1,1,1,1,1,1,1,1,1,,,,
801,1,1,1,1,0,0,0,0,0,0,0,0,,,,
802,1,,,,1,0,0,0,1,0,0,0,,,,
803,1,,,,1,0,0,0,1,0,0,0,,,,
804,1,1,1,1,0,0,0,0,0,0,0,0,,,,
805,,,,,0,0,0,0,1,1,1,1,,,,
806,,,,,0,0,0,0,0,1,1,1,,,,
807,1,1,1,1,1,1,1,1,1,1,1,1,,,,
808,1,,,,0,0,0,0,0,0,0,0,,,,
809,,,,,0,0,0,0,1,0,0,0,,,,
810,1,1,1,1,0,0,0,0,0,0,0,0,,,,
811,,,,,0,0,0,0,1,1,1,1,,,,
812,,,,,0,0,0,0,1,0,0,0,,,,
813,1,1,1,1,1,1,1,1,1,1,1,1,,,,
814,1,1,1,1,1,1,1,1,1,1,1,1,,,,
815,1,1,1,1,1,1,1,1,1,1,1,1,,,,
816,,,,,0,0,0,0,0,1,1,1,,,,
817,1,1,1,1,0,0,0,0,0,0,0,0,,,,
818,,,,,0,0,0,0,0,1,1,1,,,,
819,1,,,,1,0,0,0,1,1,1,1,,,,
820,1,,,,1,0,0,0,1,1,1,1,,,,
821,1,1,1,1,1,1,1,1,1,1,1,1,,,,
822,1,1,1,1,1,1,1,1,1,1,1,1,,,,
823,1,1,1,1,0,1,1,1,0,1,1,1,,,,
824,1,,,,1,0,0,0,1,1,1,1,,,,
825,1,,,,0,0,0,0,0,0,0,0,,,,
826,,,,,0,0,0,0,1,0,0,0,,,,
827,,,,,0,0,0,0,0,0,0,0,,,,
828,,,,,0,0,0,0,1,0,0,0,,,,
829,,,,,0,0,0,0,1,0,0,0,,,,
830,1,1,1,1,0,0,0,0,0,0,0,0,,,,
831,1,1,1,1,1,1,1,1,1,1,1,1,,,,
832,1,,,,1,0,0,0,1,1,1,1,,,,
833,1,,,,0,0,0,0,0,0,0,0,,,,
834,1,,,,1,0,0,0,1,0,0,0,,,,
835,1,,,,1,0,0,0,1,1,1,1,,,,
836,1,,,,1,0,0,0,1,1,1,1,,,,
837,1,1,1,1,1,1,1,1,1,1,1,1,,,,
838,1,1,1,1,1,1,1,1,1,1,1,1,,,,
839,1,1,1,1,1,1,1,1,1,1,1,1,,,,
840,1,1,1,1,1,1,1,1,1,1,1,1,,,,
841,1,1,1,1,1,1,1,1,1,1,1,1,,,,
842,1,1,1,1,1,1,1,1,1,1,1,1,,,,
843,1,1,1,1,1,1,1,1,1,1,1,1,,,,
844,,,,,0,0,0,0,0,0,0,0,,,,
845,,,,,0,0,0,0,0,1,1,1,,,,
846,1,1,1,1,1,1,1,1,1,1,1,1,,,,
847,1,1,1,1,1,1,1,1,1,1,1,1,,,,
848,1,,,,0,0,0,0,0,0,0,0,,,,
849,1,1,1,1,0,1,1,1,0,1,1,1,,,,
850,1,,,,1,0,0,0,1,1,1,1,,,,
851,1,,,,1,0,0,0,1,1,1,1,,,,
852,1,,,,0,0,0,0,0,0,0,0,,,,
853,,,,,0,0,0,0,1,0,0,1,,,,
854,1,1,1,1,1,1,1,1,1,1,1,1,,,,
855,,,,,0,0,0,0,1,1,1,1,,,,
856,,,,,0,0,0,0,0,1,0,1,,,,
857,1,1,1,1,1,1,1,1,1,1,1,1,,,,
858,,,,,0,0,0,0,0,1,1,1,,,,
859,,1,1,1,0,1,1,1,1,1,1,1,,,,
860,1,1,1,1,1,1,1,1,1,1,1,1,,,,
861,1,1,1,1,1,0,0,0,1,0,0,0,,,,
862,,,,,0,0,0,0,0,1,1,1,,,,
863,1,1,1,1,1,1,1,1,1,1,1,1,,,,
864,,,,,0,0,0,0,1,0,0,1,,,,
865,1,1,1,1,1,1,1,1,1,1,1,1,,,,
866,1,,,,0,0,0,0,0,0,0,0,,,,
867,,,,,0,0,0,0,0,0,0,0,,,,
868,1,1,1,1,0,0,0,0,0,0,0,0,,,,
869,1,1,1,1,1,1,1,1,1,1,1,1,,,,
870,,,,,0,0,0,0,0,0,0,0,,,,
871,1,1,1,1,0,0,0,0,0,0,0,0,,,,
872,1,1,1,1,0,0,0,0,0,0,0,0,,,,
873,,,,,0,0,0,0,1,1,1,1,,,,
874,1,1,1,1,0,0,0,0,0,0,0,0,,,,
875,1,,,,1,0,0,0,1,0,0,0,,,,
876,1,1,1,1,0,0,0,0,0,0,0,0,,,,
877,1,1,1,1,1,1,1,1,1,1,1,1,,,,
878,1,1,1,1,1,1,1,1,1,1,1,1,,,,
879,1,1,1,1,1,1,1,1,1,1,1,1,,,,
880,1,1,1,1,0,0,0,0,0,0,0,0,,,,
881,1,1,1,1,1,1,1,1,1,1,1,1,,,,
882,1,1,1,1,1,1,1,1,1,1,1,1,,,,
883,1,,,,0,0,0,0,0,0,0,0,,,,
884,1,1,1,1,1,1,1,1,1,1,1,1,,,,
885,1,1,1,1,0,0,0,0,0,0,0,0,,,,
886,1,1,1,1,0,1,1,1,0,1,1,1,,,,
887,1,1,1,1,1,1,1,1,1,1,1,1,,,,
888,1,1,1,1,1,1,1,1,1,1,1,1,,,,
889,1,1,1,1,0,1,1,1,0,1,1,1,,,,
890,1,1,1,1,1,1,1,1,1,1,1,1,,,,
891,1,1,1,1,0,0,0,0,0,0,0,0,,,,
892,1,1,1,1,1,1,1,1,1,1,1,1,,,,
893,1,,,,1,0,0,0,1,1,1,1,,,,
894,1,1,1,1,1,1,1,1,1,1,1,1,,,,
895,,,,,0,0,0,0,0,1,1,1,,,,
896,1,1,1,1,1,1,1,1,1,1,1,1,,,,
897,,,,,0,0,0,0,0,0,0,0,,,,
898,,,,,0,0,0,0,1,0,0,0,,,,
899,,,,,0,0,0,0,1,1,1,1,,,,
900,1,1,1,1,1,0,0,0,1,0,0,0,,,,
901,,,,,0,0,0,0,1,0,0,0,,,,
902,,,,,0,0,0,0,0,0,0,0,,,,
903,1,,,,1,0,0,0,1,1,1,1,,,,
904,,,,,0,0,0,0,0,0,0,0,,,,
905,1,,,,1,0,0,0,1,1,1,1,,,,
906,,,,,0,0,0,0,0,1,1,1,,,,
907,,,,,0,0,0,0,0,1,1,1,,,,
908,,1,1,1,0,1,1,1,0,1,1,1,,,,
909,1,1,1,1,1,1,1,1,1,1,1,1,,,,
910,1,1,1,1,1,1,1,1,1,1,1,1,,,,
911,1,1,1,1,1,1,1,1,1,1,1,1,,,,
912,1,1,1,1,1,1,1,1,1,1,1,1,,,,
913,,,,,0,0,0,0,1,0,0,1,,,,
914,1,1,1,1,0,1,1,1,0,1,1,1,,,,
915,,,,,0,0,0,0,0,1,1,1,,,,
916,1,,,,0,0,0,0,0,1,1,1,,,,
917,,,,,0,0,0,0,0,0,0,0,,,,
918,,,,,0,0,0,0,0,1,0,1,,,,
919,,,,,0,0,0,0,1,0,0,0,,,,
920,1,1,1,1,1,1,1,1,1,1,1,1,,,,
921,,,,,0,0,0,0,1,1,1,1,,,,
922,,,,,0,0,0,0,1,0,0,0,,,,
923,1,1,1,1,1,1,1,1,1,1,1,1,,,,
924,1,1,1,1,1,1,1,1,1,1,1,1,,,,
925,,,,,0,0,0,0,0,0,0,0,,,,
926,1,1,1,1,1,1,1,1,1,1,1,1,,,,
927,1,1,1,1,1,1,1,1,1,1,1,1,,,,
928,1,1,1,1,0,0,0,0,0,0,0,0,,,,
929,1,,,,1,0,0,0,1,1,1,1,,,,
930,1,,,,1,0,0,0,1,1,1,1,,,,
931,,,,,0,0,0,0,0,1,1,0,,,,
932,,,,,0,0,0,0,0,0,0,0,,,,
933,1,1,1,1,0,0,0,0,0,0,0,0,,,,
934,1,1,1,1,1,1,1,1,1,1,1,1,,,,
935,1,,,,1,0,0,0,1,1,1,1,,,,
936,1,1,1,1,0,0,0,0,0,0,0,0,,,,
937,,,,,0,0,0,0,0,0,0,0,,,,
938,1,,,,1,0,0,0,1,1,1,1,,,,
939,,,,,0,0,0,0,1,0,0,0,,,,
940,1,,,,1,0,0,0,1,0,0,0,,,,
941,1,,,,0,0,0,0,0,1,1,1,,,,
942,,,,,0,0,0,0,0,1,1,1,,,,
943,1,,,,0,0,0,0,0,0,0,0,,,,
944,,,,,0,0,0,0,1,1,1,1,,,,
945,,,,,0,0,0,0,1,1,1,1,,,,
946,,1,1,1,0,1,1,1,1,1,1,1,,,,
947,,,,,0,0,0,0,0,0,0,0,,,,
948,,,,,0,0,0,0,0,0,1,0,,,,
949,1,1,1,1,1,1,1,1,1,1,1,1,,,,
950,1,1,1,1,1,1,1,1,1,1,1,1,,,,
951,,,,,0,0,0,0,1,0,0,0,,,,
952,1,,,,0,0,0,0,0,0,0,0,,,,
953,1,1,1,1,1,1,1,1,1,1,1,1,,,,
954,1,1,1,1,1,1,1,1,1,1,1,1,,,,
955,1,1,1,1,1,1,1,1,1,1,1,1,,,,
956,1,1,1,1,0,1,1,1,0,1,1,1,,,,
957,1,1,1,1,0,1,1,1,0,1,1,1,,,,
958,1,,,,1,0,0,0,1,1,1,1,,,,
959,1,1,1,1,1,1,1,1,1,1,1,1,,,,
960,,1,1,1,0,1,1,1,0,1,1,1,,,,
961,,,,,0,0,0,0,0,0,0,0,,,,
962,,,,,0,0,0,0,0,1,1,0,,,,
963,,1,1,1,0,1,1,1,0,1,1,1,,,,
964,,,,,0,0,0,0,0,0,1,0,,,,
965,,,,,0,0,0,0,0,1,1,1,,,,
966,1,1,1,1,1,1,1,1,1,1,1,1,,,,
967,1,1,1,1,0,0,0,0,0,0,0,0,,,,
968,1,,,,1,0,0,0,1,1,1,1,,,,
969,,,,,0,0,0,0,0,1,1,1,,,,
970,,,,,0,0,0,0,0,0,0,0,,,,
971,,,,,0,0,0,0,1,0,0,0,,,,
972,1,1,1,1,0,1,1,1,0,1,1,1,,,,
973,,,,,0,0,0,0,1,1,1,1,,,,
974,,1,1,1,0,1,1,1,0,1,1,1,,,,
975,,,,,0,0,0,0,1,0,0,0,,,,
976,,,,,0,0,0,0,0,0,0,0,,,,
977,1,,,,0,0,0,0,0,0,0,0,,,,
978,,,,,0,0,0,0,1,1,1,1,,,,
979,,,,,0,0,0,0,1,0,0,0,,,,
980,1,1,1,1,1,1,1,1,1,1,1,1,,,,
981,,,,,0,0,0,0,0,1,1,1,,,,
982,,1,1,1,0,0,0,0,1,0,0,0,,,,
983,,1,1,1,0,1,1,1,0,1,1,1,,,,
984,,,,,0,0,0,0,0,1,1,1,,,,
985,,,,,0,0,0,0,0,0,1,0,,,,
986,1,1,1,1,1,1,1,1,1,1,1,1,,,,
987,,,,,0,0,0,0,0,0,1,0,,,,
988,,,,,0,0,0,0,0,0,0,0,,,,
989,,,,,0,0,0,0,0,1,1,1,,,,
990,,,,,0,0,0,0,0,0,0,0,,,,
991,1,1,1,1,1,1,1,1,1,1,1,1,,,,
992,1,,,,1,0,0,0,1,0,0,0,,,,
993,1,,,,1,0,0,0,1,1,1,1,,,,
994,1,,,,1,0,0,0,1,1,1,1,,,,
995,,,,,0,0,0,0,1,0,0,1,,,,
996,1,,,,1,0,0,0,1,0,0,0,,,,
997,1,1,1,1,1,1,1,1,1,1,1,1,,,,
998,1,1,1,1,1,1,1,1,1,1,1,1,,,,
999,,,,,0,0,0,0,1,0,0,0,,,,
1000,,,,,0,0,0,0,1,0,0,0,,,,
1001,,,,,0,0,0,0,1,1,0,1,,,,
1002,1,,,,0,0,0,0,0,1,1,1,,,,
1003,1,1,1,1,0,0,0,0,0,0,0,0,,,,
1004,,,,,0,0,0,0,1,0,0,0,,,,
1005,,,,,0,0,0,0,0,0,0,0,,,,
1006,,,,,0,0,0,0,1,1,1,1,,,,
1007,,,,,0,0,0,0,1,1,1,1,,,,
1008,,,,,0,0,0,0,1,1,1,1,,,,
1009,1,1,1,1,1,1,1,1,1,1,1,1,,,,
1010,1,1,1,1,0,0,0,0,0,0,0,0,,,,
1011,1,1,1,1,1,1,1,1,1,1,1,1,,,,
1012,1,1,1,1,1,1,1,1,1,1,1,1,,,,
1013,,,,,0,0,0,0,1,0,0,0,,,,
1014,1,,,,0,0,0,0,0,0,0,0,,,,
1015,1,1,1,1,1,1,1,1,1,1,1,1,,,,
1016,1,1,1,1,0,1,1,1,0,1,1,1,,,,
1017,,,,,0,0,0,0,0,0,1,0,,,,
1018,,1,1,1,0,1,1,1,1,1,1,1,,,,
1019,,,,,0,0,0,0,0,0,0,0,,,,
1020,1,1,1,1,1,1,1,1,1,1,1,1,,,,
1021,1,1,1,1,1,1,1,1,1,1,1,1,,,,
1022,1,1,1,1,1,1,1,1,1,1,1,1,,,,
1023,,,,,0,0,0,0,0,0,0,0,,,,
1024,1,1,1,1,1,1,1,1,1,1,1,1,,,,
1025,1,1,1,1,0,0,0,0,0,0,0,0,,,,
1026,1,1,1,1,0,1,1,1,0,1,1,1,,,,
1027,1,1,1,1,1,1,1,1,1,1,1,1,,,,
1028,,,,,0,0,0,0,0,0,0,0,,,,
1029,,,,,0,0,0,0,1,0,0,0,,,,
1030,1,1,1,1,0,1,1,1,0,1,1,1,,,,
1031,1,1,1,1,1,1,1,1,1,1,1,1,,,,
1032,,,,,0,0,0,0,1,1,1,1,,,,
1033,1,1,1,1,0,1,1,1,0,1,1,1,,,,
1034,,,,,0,0,0,0,1,1,1,1,,,,
1035,1,1,1,1,1,1,1,1,1,1,1,1,,,,
1036,1,1,1,1,0,0,0,0,0,0,0,0,,,,
1037,,,,,0,0,0,0,0,1,1,1,,,,
1038,1,,,,0,0,0,0,0,0,0,0,,,,
1039,,,,,0,0,0,0,1,0,0,0,,,,
1040,1,,,,0,0,0,0,0,0,0,0,,,,
1041,1,1,1,1,0,0,0,0,0,0,0,0,,,,
1042,1,,,,0,0,0,0,0,0,0,0,,,,
1043,1,1,1,1,0,0,0,0,0,0,0,0,,,,
1044,,,,,0,0,0,0,1,0,0,0,,,,
1045,1,1,1,1,1,1,1,1,1,1,1,1,,,,
1046,,,,,0,0,0,0,1,0,0,0,,,,
1047,,,,,0,0,0,0,1,0,0,0,,,,
1048,1,,,,1,0,0,0,1,1,1,1,,,,
1049,,,,,0,0,0,0,0,0,0,0,,,,
1050,1,,,,1,0,0,0,1,1,1,1,,,,
1051,,,,,0,0,0,0,1,0,0,1,,,,
1052,,,,,0,0,0,0,1,1,1,1,,,,
1053,,,,,0,0,0,0,1,1,1,1,,,,
1054,,1,1,1,0,1,1,1,1,1,1,1,,,,
1055,1,1,1,1,1,1,1,1,1,1,1,1,,,,
1056,1,1,1,1,0,0,0,0,0,0,0,0,,,,
1057,,1,1,1,0,1,1,1,0,1,1,1,,,,
1058,,,,,0,0,0,0,1,1,1,1,,,,
1059,,,,,0,0,0,0,1,1,1,1,,,,
1060,,,,,0,0,0,0,0,0,1,0,,,,
1061,1,1,1,1,0,0,0,0,0,0,0,0,,,,
1062,1,1,1,1,0,1,1,1,0,1,1,1,,,,
1063,,,,,0,0,0,0,0,0,0,0,,,,
1064,1,1,1,1,0,1,1,1,0,1,1,1,,,,
1065,,,,,0,0,0,0,0,0,0,0,,,,
1066,1,1,1,1,1,1,1,1,1,1,1,1,,,,
1067,,,,,0,0,0,0,1,1,1,1,,,,
1068,,,,,0,0,0,0,0,0,0,0,,,,
1069,1,1,1,1,1,1,1,1,1,1,1,1,,,,
1070,1,1,1,1,0,1,1,1,0,1,1,1,,,,
1071,,,,,0,0,0,0,1,1,1,1,,,,
1072,,,,,0,0,0,0,0,1,1,1,,,,
1073,,,,,0,0,0,0,1,1,1,1,,,,
1074,1,,,,1,0,0,0,1,1,1,1,,,,
1075,,,,,0,0,0,0,1,1,1,1,,,,
1076,,,,,0,0,0,0,1,1,1,1,,,,
1077,1,,,,0,0,0,0,0,0,0,0,,,,
1078,,,,,0,0,0,0,0,1,1,0,,,,
1079,,,,,0,0,0,0,1,1,1,1,,,,
1080,,,,,0,0,0,0,0,1,1,1,,,,
1081,1,1,1,1,1,1,1,1,1,1,1,1,,,,
1082,1,1,1,1,1,1,1,1,1,1,1,1,,,,
1083,1,,,,1,0,0,0,1,1,1,1,,,,
1084,1,1,1,1,1,1,1,1,1,1,1,1,,,,
1085,1,,,,0,0,0,0,0,1,1,1,,,,
1086,1,,,,1,0,0,0,1,1,1,1,,,,
1087,1,1,1,1,1,1,1,1,1,1,1,1,,,,
1088,,,,,0,0,0,0,1,0,0,0,,,,
1089,1,1,1,1,1,1,1,1,1,1,1,1,,,,
1090,1,1,1,1,1,1,1,1,1,1,1,1,,,,
1091,,,,,0,0,0,0,0,0,0,0,,,,
1092,1,1,1,1,1,1,1,1,1,1,1,1,,,,
1093,1,,,,1,0,0,0,1,1,1,1,,,,
1094,,,,,0,0,0,0,0,0,0,0,,,,
1095,1,1,1,1,0,0,0,0,0,0,0,0,,,,
1096,1,,,,0,0,0,0,0,0,0,0,,,,
1097,,,,,0,0,0,0,0,0,0,0,,,,
1098,,,,,0,0,0,0,1,1,1,1,,,,
1099,1,1,1,1,0,0,0,0,0,0,0,0,,,,
1100,,,,,0,0,0,0,0,0,0,0,,,,
1101,1,,,,0,0,0,0,0,0,0,0,,,,
1102,1,1,1,1,0,0,0,0,0,0,0,0,,,,
1103,,,,,0,0,0,0,0,1,1,1,,,,
1104,,,,,0,0,0,0,1,1,1,1,,,,
1105,,,,,0,0,0,0,1,1,1,1,,,,
1106,1,1,1,1,0,0,0,0,0,0,0,0,,,,
1107,1,1,1,1,1,1,1,1,1,1,1,1,,,,
1108,,1,1,1,0,1,1,1,1,1,1,1,,,,
1109,,,,,0,0,0,0,0,0,0,0,,,,
1110,,,,,0,0,0,0,1,0,0,0,,,,
1111,,,,,0,0,0,0,1,1,1,1,,,,
1112,1,1,1,1,0,0,0,0,0,0,0,0,,,,
1113,1,1,1,1,1,1,1,1,1,1,1,1,,,,
1114,1,1,1,1,0,0,0,0,0,0,0,0,,,,
1115,1,1,1,1,1,1,1,1,1,1,1,1,,,,
1116,,,,,0,0,0,0,0,0,0,0,,,,
1117,1,1,1,1,0,0,0,0,0,0,0,0,,,,
1118,1,1,1,1,0,0,0,0,0,0,0,0,,,,
1119,1,1,1,1,0,1,1,1,0,1,1,1,,,,
1120,1,1,1,1,0,0,0,0,0,0,0,0,,,,
1121,,,,,0,0,0,0,1,0,0,0,,,,
1122,1,1,1,1,0,0,0,0,0,0,0,0,,,,
1123,1,1,1,1,0,1,1,1,0,1,1,1,,,,
1124,1,1,1,1,0,0,0,0,0,0,0,0,,,,
1125,,1,1,1,0,1,1,1,1,1,1,1,,,,
1126,,1,1,1,0,1,1,1,0,1,1,1,,,,
1127,,,,,0,0,0,0,0,1,1,1,,,,
1128,,,,,0,0,0,0,0,1,1,1,,,,
1129,,,,,0,0,0,0,1,1,1,1,,,,
1130,,,,,0,0,0,0,1,1,1,1,,,,
1131,,,,,0,0,0,0,1,0,0,0,,,,
1132,1,1,1,1,1,1,1,1,1,1,1,1,,,,
1133,,,,,0,0,0,0,1,0,0,0,,,,
1134,1,1,1,1,0,1,1,1,0,1,1,1,,,,
1135,1,,,,1,0,0,0,1,1,1,1,,,,
1136,,,,,0,0,0,0,1,1,1,1,,,,
1137,,,,,0,0,0,0,1,0,0,0,,,,
1138,1,1,1,1,0,0,0,0,0,0,0,0,,,,
1139,1,,,,1,0,0,0,1,1,1,1,,,,
1140,1,,,,0,0,0,0,0,0,0,0,,,,
1141,,,,,0,0,0,0,0,0,0,0,,,,
1142,1,1,1,1,1,1,1,1,1,1,1,1,,,,
1143,1,1,1,1,1,1,1,1,1,1,1,1,,,,
1144,1,,,,1,0,0,0,1,1,1,1,,,,
1145,,,,,0,0,0,0,1,0,0,0,,,,
1146,,,,,0,0,0,0,1,0,0,1,,,,
1147,1,1,1,1,1,1,1,1,1,1,1,1,,,,
1148,1,1,1,1,1,1,1,1,1,1,1,1,,,,
1149,,,,,0,0,0,0,0,1,1,1,,,,
1150,,,,,0,0,0,0,1,1,1,1,,,,
1151,,,,,0,0,0,0,1,1,1,1,,,,
1152,,,,,0,0,0,0,1,1,1,1,,,,
1153,1,1,1,1,1,1,1,1,1,1,1,1,,,,
1154,1,,,,1,0,0,0,1,1,1,1,,,,
1155,1,1,1,1,1,1,1,1,1,1,1,1,,,,
1156,1,1,1,1,1,1,1,1,1,1,1,1,,,,
1157,,,,,0,0,0,0,0,0,1,0,,,,
1158,,1,1,1,0,1,1,1,1,1,1,1,,,,
1159,,,,,0,0,0,0,1,1,1,1,,,,
1160,1,1,1,1,1,1,1,1,1,1,1,1,,,,
1161,,,,,0,0,0,0,0,0,0,0,,,,
1162,,1,1,1,0,1,1,1,1,1,1,1,,,,
1163,,1,1,1,0,1,1,1,0,1,1,1,,,,
1164,,,,,0,0,0,0,1,1,1,1,,,,
1165,,,,,0,0,0,0,0,0,0,0,,,,
1166,,,,,0,0,0,0,0,1,1,1,,,,
1167,1,1,1,1,0,1,1,1,0,1,1,1,,,,
1168,,,,,0,0,0,0,0,1,1,1,,,,
1169,,,,,0,0,0,0,1,1,1,1,,,,
1170,,,,,0,0,0,0,0,1,1,1,,,,
1171,,,,,0,0,0,0,0,0,0,0,,,,
1172,,,,,0,0,0,0,0,1,1,1,,,,
1173,,,,,0,0,0,0,0,1,1,1,,,,
1174,1,1,1,1,0,1,1,1,0,1,1,1,,,,
1175,,1,1,1,0,1,1,1,0,1,1,1,,,,
1176,,,,,0,0,0,0,1,1,1,1,,,,
1177,,1,1,1,0,1,1,1,1,1,1,1,,,,
1178,1,1,1,1,0,1,1,1,0,1,1,1,,,,
1179,,,,,0,0,0,0,0,1,1,1,,,,
1180,1,1,1,1,1,1,1,1,1,1,1,1,,,,
1181,,,,,0,0,0,0,1,0,0,1,,,,
1182,,,,,0,0,0,0,1,1,1,1,,,,
1183,,,,,0,0,0,0,0,1,1,1,,,,
1184,1,1,1,1,1,1,1,1,1,1,1,1,,,,
1185,,,,,0,0,0,0,0,0,0,0,,,,
1186,,,,,0,0,0,0,0,1,1,1,,,,
1187,1,,,,0,0,0,0,0,0,0,0,,,,
1188,1,1,1,1,0,0,0,0,0,0,0,0,,,,
1189,1,1,1,1,1,1,1,1,1,1,1,1,,,,
1190,1,1,1,1,1,1,1,1,1,1,1,1,,,,
1191,,,,,0,0,0,0,1,0,1,0,,,,
1192,1,1,1,1,1,1,1,1,1,1,1,1,,,,
1193,,,,,0,0,0,0,1,0,0,1,,,,
1194,,,,,0,0,0,0,1,0,0,0,,,,
1195,1,1,1,1,1,1,1,1,1,1,1,1,,,,
1196,,,,,0,0,0,0,1,0,0,0,,,,
1197,1,1,1,1,1,1,1,1,1,1,1,1,,,,
1198,,,,,0,0,0,0,0,1,1,1,,,,
1199,,,,,0,0,0,0,1,0,0,0,,,,
1200,1,1,1,1,1,1,1,1,1,1,1,1,,,,
1201,1,1,1,1,1,1,1,1,1,1,1,1,,,,
1202,,,,,0,0,0,0,1,1,1,1,,,,
1203,,,,,0,0,0,0,1,0,0,0,,,,
1204,1,1,1,1,1,1,1,1,1,1,1,1,,,,
1205,1,1,1,1,1,1,1,1,1,1,1,1,,,,
1206,,,,,0,0,0,0,0,1,1,1,,,,
1207,1,1,1,1,1,1,1,1,1,1,1,1,,,,
1208,1,1,1,1,1,1,1,1,1,1,1,1,,,,
1209,,,,,0,0,0,0,0,1,1,1,,,,
1210,,,,,0,0,0,0,1,1,1,1,,,,
1211,,,,,0,0,0,0,0,1,1,1,,,,
1212,1,1,1,1,1,1,1,1,1,1,1,1,,,,
1213,,,,,0,0,0,0,0,0,0,0,,,,
1214,1,,,,1,0,0,0,1,1,1,1,,,,
1215,,,,,0,0,0,0,0,0,0,0,,,,
1216,,,,,0,0,0,0,0,0,0,0,,,,
1217,1,,,,1,0,0,0,1,1,1,1,,,,
1218,,,,,0,0,0,0,1,0,0,1,,,,
1219,,,,,0,0,0,0,1,0,0,0,,,,
1220,1,1,1,1,0,1,1,1,0,1,1,1,,,,
1221,,,,,0,0,0,0,1,1,1,1,,,,
1222,,,,,0,0,0,0,0,1,1,1,,,,
1223,,,,,0,0,0,0,0,0,0,0,,,,
1224,,,,,0,0,0,0,1,1,0,1,,,,
1225,,1,1,1,0,1,1,1,0,1,1,1,,,,
1226,1,1,1,1,0,1,1,1,0,1,1,1,,,,
1227,,,,,0,0,0,0,1,1,1,1,,,,
1228,1,1,1,1,0,0,0,0,0,0,0,0,,,,
1229,,,,,0,0,0,0,0,0,0,0,,,,
1230,,,,,0,0,0,0,1,0,0,0,,,,
1231,,,,,0,0,0,0,0,0,0,0,,,,
1232,1,1,1,1,1,1,1,1,1,1,1,1,,,,
1233,1,1,1,1,0,0,0,0,0,0,0,0,,,,
1234,,1,1,1,0,1,1,1,1,1,1,1,,,,
1235,,,,,0,0,0,0,1,1,1,1,,,,
1236,1,1,1,1,1,1,1,1,1,1,1,1,,,,
1237,,1,1,1,0,1,1,1,1,1,1,1,,,,
1238,,1,1,1,0,1,1,1,1,1,1,1,,,,
1239,,,,,0,0,0,0,0,1,1,1,,,,
1240,1,1,1,1,1,1,1,1,1,1,1,1,,,,
1241,,1,1,1,0,1,1,1,0,1,1,1,,,,
1242,,,,,0,0,0,0,0,0,1,0,,,,
1243,,,,,0,0,0,0,0,0,1,0,,,,
1244,1,1,1,1,0,0,0,0,0,0,0,0,,,,
1245,,,,,0,0,0,0,0,0,0,0,,,,
1246,1,1,1,1,1,1,1,1,1,1,1,1,,,,
1247,,,,,0,0,0,0,1,0,0,0,,,,
1248,,,,,0,0,0,0,1,1,1,1,,,,
1249,,,,,0,0,0,0,1,1,1,1,,,,
1250,,,,,0,0,0,0,1,1,0,1,,,,
1251,1,1,1,1,0,1,1,1,0,1,1,1,,,,
1252,,,,,0,0,0,0,0,0,1,0,,,,
1253,,,,,0,0,0,0,1,1,1,1,,,,
1254,1,1,1,1,1,1,1,1,1,1,1,1,,,,
1255,1,1,1,1,1,1,1,1,1,1,1,1,,,,
1256,1,1,1,1,1,1,1,1,1,1,1,1,,,,
1257,,,,,0,0,0,0,0,1,1,1,,,,
1258,1,1,1,1,1,1,1,1,1,1,1,1,,,,
1259,1,,,,1,0,0,0,1,1,1,1,,,,
1260,,,,,0,0,0,0,1,1,1,1,,,,
1261,1,,,,0,0,0,0,0,0,0,0,,,,
1262,1,,,,1,0,0,0,1,1,1,1,,,,
1263,,,,,0,0,0,0,1,1,1,1,,,,
1264,1,1,1,1,0,0,0,0,0,0,0,0,,,,
1265,,,,,0,0,0,0,1,0,0,0,,,,
1266,,,,,0,0,0,0,1,1,1,1,,,,
1267,1,,,,1,0,0,0,1,1,1,1,,,,
1268,1,,,,1,0,0,0,1,1,1,1,,,,
1269,1,,,,0,0,0,0,0,0,0,0,,,,
1270,,,,,0,0,0,0,1,0,0,0,,,,
1271,,,,,0,0,0,0,0,0,0,0,,,,
1272,,,,,0,0,0,0,0,1,1,1,,,,
1273,1,,,,1,0,0,0,1,1,1,1,,,,
1274,,,,,0,0,0,0,0,1,1,0,,,,
1275,,,,,0,0,0,0,1,0,0,0,,,,
1276,,,,,0,0,0,0,0,1,1,1,,,,
1277,1,,,,1,0,0,0,1,1,1,1,,,,
1278,,,,,0,0,0,0,1,0,0,1,,,,
1279,1,,,,1,0,0,0,1,1,1,1,,,,
1280,1,,,,1,0,0,0,1,1,1,1,,,,
